<?xml version="1.0" encoding="UTF-8" ?>
<!DOCTYPE struts PUBLIC
        "-//Apache Software Foundation//DTD Struts Configuration 2.0//EN"
        "http://struts.apache.org/dtds/struts-2.0.dtd">

<struts>
    <package name="json-default" extends="struts-default">
        <result-types>
            <result-type name="json" class="org.apache.struts2.json.JSONResult"/>
        </result-types>
        <interceptors>
            <interceptor name="json" class="org.apache.struts2.json.JSONInterceptor"/>
        </interceptors>
    </package>
</struts>
