<?xml version='1.0' encoding='UTF-8'?>
<!DOCTYPE hibernate-configuration PUBLIC
          "-//Hibernate/Hibernate Configuration DTD 3.0//EN"
          "http://hibernate.sourceforge.net/hibernate-configuration-3.0.dtd">

<!-- Generated by MyEclipse Hibernate Tools.                   -->
<hibernate-configuration>

<session-factory>
	<property name="dialect">
		org.hibernate.dialect.MySQLDialect
	</property>
	<property name="connection.url">
		jdbc:mysql://localhost:3306/selsys
	</property>
	<property name="connection.username">root</property>
	<property name="connection.password">root</property>
	<property name="connection.driver_class">
		com.mysql.jdbc.Driver
	</property>
	<property name="myeclipse.connection.profile">mysql</property>
	<property name="show_sql">true</property>
	<property name="hbm2ddl.auto">update</property>
	<mapping resource="cn/ck/selsys/domain/Department.hbm.xml" />
	<mapping resource="cn/ck/selsys/domain/Man.hbm.xml" />
	<mapping resource="cn/ck/selsys/domain/Student.hbm.xml" />
	<mapping resource="cn/ck/selsys/domain/Teacher.hbm.xml" />
	<mapping resource="cn/ck/selsys/domain/Topic.hbm.xml" />
	<mapping resource="cn/ck/selsys/domain/User.hbm.xml" />
	<mapping resource="cn/ck/selsys/domain/Sub.hbm.xml" />
</session-factory>

</hibernate-configuration>