<?xml version="1.0" encoding="UTF-8" ?>  
<!DOCTYPE mapper PUBLIC "-//mybatis.org//DTD Mapper 3.0//EN" "http://mybatis.org/dtd/mybatis-3-mapper.dtd">
<mapper namespace="cn.ck.core.dao.product.BrandDao">

	<!-- resultmap -->
	<resultMap type="Brand" id="brand">
		<result column="id" property="id"/>
		<result column="name" property="name"/>
		<result column="description" property="description"/>
		<result column="img_url" property="imgUrl"/>
		<result column="sort" property="sort"/>
		<result column="is_display" property="isDisplay"/>
	</resultMap>
	
	<sql id="brandSelector">
		select
		<if test="fields != null">
			${fields}
		</if>
		<if test="fields == null">
			id , name ,description,img_url,sort,is_display
		</if>
		from bbs_brand
	</sql>
	
	<sql id="brandWhere">
		<where>
			<if test="isDisplay != null">
				is_display = #{isDisplay}
			</if>
			<if test="name != null">
				<if test="nameLike == false">
					and name = #{name}
				</if>
				<if test="nameLike == true">
					and name like '%${name}%'
				</if>
			</if>
		</where>
	</sql>
	
	<sql id="brandOrderBy">
		<if test="orderFields != null and orderFields.size>0">
			order by
			<foreach collection="orderFields" item="fieldOrder" separator=",">
				${fieldOrder.fieldName} ${fieldOrder.order}
			</foreach>
		</if>
	</sql>
	
	<!-- limit -->
	<sql id="brandLimit">
		<if test="startRow != null">
			limit #{startRow},#{pageSize}
		</if>
	</sql>
	
	<!-- 查询品牌集合 -->
	<select id="getBrandList" parameterType="BrandQuery" resultMap="brand">
		<include refid="brandSelector"/>
		<include refid="brandWhere"/>
		<include refid="brandOrderBy"/>
		<include refid="brandLimit"/>
	</select>
	
	<!-- select brand -->
	<select id="getBrandListWithPage" parameterType="Brand" resultMap="brand">
		select id , name ,description,img_url,sort,is_display
		from bbs_brand
		<where>
			<if test="isDisplay != null">
				is_display = #{isDisplay}
			</if>
			<if test="name != null">
				and name = #{name}
			</if>
		</where>
		order by id desc
		limit #{startRow},#{pageSize}
	</select>
	
	<select id="getBrandCount" parameterType="Brand" resultType="Integer">
		select count(1)
		from bbs_brand
		<where>
			<if test="isDisplay != null">
				is_display = #{isDisplay}
			</if>
			<if test="name != null">
				and name = #{name}
			</if>
		</where>
	</select>
	
	<insert id="add" parameterType="Brand">
		insert into bbs_brand
		<trim prefix="(" suffix=")">
		name,
		description,
		img_url,
		sort,
		is_display
		</trim>
		values
		<trim prefix="(" suffix=")">
		#{name},
		#{description},
		#{imgUrl},
		#{sort},
		#{isDisplay}
		</trim>
	</insert>
	
	<delete id="deleteById" parameterType="Integer">
		delete from bbs_brand
		<where>
			id=#{id}
		</where>
	</delete>
	
	<delete id="deleteByIds" parameterType="Integer">
		delete from bbs_brand
		<where>
			id in
			<foreach collection="array" item="id" open="(" close=")" separator=",">
				#{id}
			</foreach>
		</where>
	</delete>
	
	<update id="update" parameterType="Brand">
		update bbs_brand
		<set>
			<if test="name!=null">
				name=#{name},
			</if>
			<if test="description!=null">
				description=#{description},
			</if>
			<if test="imgUrl!=null">
				img_url=#{imgUrl},
			</if>
			<if test="sort!=null">
				sort=#{sort},
			</if>
			<if test="isDisplay!=null">
				is_display=#{isDisplay},
			</if>
		</set>
		<where>
			id = #{id}
		</where>
	</update>
	
	<select id="getBrandByKey" parameterType="Integer" resultMap="brand">
		select id , name ,description,img_url,sort,is_display
		from bbs_brand
		<where>
			id=#{id}
		</where>
	</select>
</mapper>