<?xml version="1.0" encoding="UTF-8" ?>  
<!DOCTYPE mapper PUBLIC "-//mybatis.org//DTD Mapper 3.0//EN" "http://mybatis.org/dtd/mybatis-3-mapper.dtd">

<mapper namespace="cn.ck.core.dao.product.ProductDao">
	<resultMap id="product" type="Product">
		<result property="id" column="id" />
		<result property="no" column="no" />
		<result property="name" column="name" />
		<result property="weight" column="weight" />
		<result property="isNew" column="is_new" />
		<result property="isHot" column="is_hot" />
		<result property="isCommend" column="is_commend" />
		<result property="createTime" column="create_time" />
		<result property="createUserId" column="create_user_id" />
		<result property="checkTime" column="check_time" />
		<result property="checkUserId" column="check_user_id" />
		<result property="isShow" column="is_show" />
		<result property="isDel" column="is_del" />
		<result property="typeId" column="type_id" />
		<result property="brandId" column="brand_id" />
		<result property="keywords" column="keywords" />
		<result property="sales" column="sales" />
		<result property="description" column="description" />
		<result property="packageList" column="package_list" />
		<result property="feature" column="feature" />
		<result property="color" column="color" />
		<result property="size" column="size" />
	</resultMap>
	<!-- Select SQL -->
	<sql id="productSelector">
		SELECT
			<if test="fields != null">
				${fields}
			</if>
			<if test="fields == null">
			id,no,name,weight,is_new,is_hot,is_commend,create_time,create_user_id,check_time,check_user_id,is_show,is_del,type_id,brand_id,keywords,sales,description,package_list,feature,color,size
			</if>
		FROM bbs_product
	</sql>
	<sql id="productListWhere">
		<where>
				<if test="id != null">
					and id=#{id}
				</if>
				<if test="no != null">
				<if test="noLike == false">
					and no=#{no}
				</if>
				<if test="noLike == true">
					and  no like "%"#{no}"%"
				</if>
				</if>
				<if test="name != null">
				<if test="nameLike == false">
					and name=#{name}
				</if>
				<if test="nameLike == true">
					and  name like "%"#{name}"%"
				</if>
				</if>
				<if test="weight != null">
					and weight=#{weight}
				</if>
				<if test="isNew != null">
					and is_new=#{isNew}
				</if>
				<if test="isHot != null">
					and is_hot=#{isHot}
				</if>
				<if test="isCommend != null">
					and is_commend=#{isCommend}
				</if>
				<if test="createTime != null">
					and create_time=#{createTime}
				</if>
				<if test="createUserId != null">
				<if test="createUserIdLike == false">
					and create_user_id=#{createUserId}
				</if>
				<if test="createUserIdLike == true">
					and  create_user_id like "%"#{createUserId}"%"
				</if>
				</if>
				<if test="checkTime != null">
					and check_time=#{checkTime}
				</if>
				<if test="checkUserId != null">
				<if test="checkUserIdLike == false">
					and check_user_id=#{checkUserId}
				</if>
				<if test="checkUserIdLike == true">
					and  check_user_id like "%"#{checkUserId}"%"
				</if>
				</if>
				<if test="isShow != null">
					and is_show=#{isShow}
				</if>
				<if test="isDel != null">
					and is_del=#{isDel}
				</if>
				<if test="typeId != null">
					and type_id=#{typeId}
				</if>
				<if test="brandId != null">
					and brand_id=#{brandId}
				</if>
				<if test="keywords != null">
				<if test="keywordsLike == false">
					and keywords=#{keywords}
				</if>
				<if test="keywordsLike == true">
					and  keywords like "%"#{keywords}"%"
				</if>
				</if>
				<if test="sales != null">
					and sales=#{sales}
				</if>
				<if test="description != null">
				<if test="descriptionLike == false">
					and description=#{description}
				</if>
				<if test="descriptionLike == true">
					and  description like "%"#{description}"%"
				</if>
				</if>
				<if test="packageList != null">
				<if test="packageListLike == false">
					and package_list=#{packageList}
				</if>
				<if test="packageListLike == true">
					and  package_list like "%"#{packageList}"%"
				</if>
				</if>
				<if test="feature != null">
				<if test="featureLike == false">
					and feature=#{feature}
				</if>
				<if test="featureLike == true">
					and  feature like "%"#{feature}"%"
				</if>
				</if>
				<if test="color != null">
				<if test="colorLike == false">
					and color=#{color}
				</if>
				<if test="colorLike == true">
					and  color like "%"#{color}"%"
				</if>
				</if>
				<if test="size != null">
				<if test="sizeLike == false">
					and size=#{size}
				</if>
				<if test="sizeLike == true">
					and  size like "%"#{size}"%"
				</if>
				</if>
		</where>
	</sql>

	<sql id="productListOrder">
		<if test="orderFields != null and orderFields.size >0">
		order by 
			<foreach collection="orderFields" separator="," item="orderField">
				${orderField.fieldName} ${orderField.order}
			</foreach>
		</if>
	</sql>

	<sql id="productListLimit">
		<if test="startRow != null">
			limit #{startRow},#{pageSize}
		</if>
	</sql>

	<!-- 根据主键查询 -->
	<select id="getProductByKey" resultMap="product" parameterType="hashMap">
		SELECT id,no,name,weight,is_new,is_hot,is_commend,create_time,create_user_id,check_time,check_user_id,is_show,is_del,type_id,brand_id,keywords,sales,description,package_list,feature,color,size FROM bbs_product
		WHERE
		id=#{id}
	</select>
	<select id="getProductsByKeys" resultMap="product" parameterType="ArrayList">
		SELECT id,no,name,weight,is_new,is_hot,is_commend,create_time,create_user_id,check_time,check_user_id,is_show,is_del,type_id,brand_id,keywords,sales,description,package_list,feature,color,size FROM bbs_product
		WHERE
		id in
		<foreach collection="list" separator="," item="id" open="(" close=")">
			#{id}
		</foreach>
	</select>

	<!-- 根据主键删除 -->
	<delete id="deleteByKey" parameterType="hashMap">
		DELETE FROM bbs_product
		WHERE
		id=#{id}
	</delete>

	<!-- 根据主键批量删除 -->
	<delete id="deleteByKeys">
		DELETE FROM bbs_product
		WHERE
		id in
		<foreach collection="list" separator="," item="id" open="(" close=")">
			#{id}
		</foreach>
	</delete>

	<!-- 根据主键更新 -->
	<update id="updateProductByKey" parameterType="Product">
		UPDATE bbs_product
		<set>
			<trim suffixOverrides=",">
				<if test="id != null">
					id = #{id},
				</if>
				<if test="no != null">
					no = #{no},
				</if>
				<if test="name != null">
					name = #{name},
				</if>
				<if test="weight != null">
					weight = #{weight},
				</if>
				<if test="isNew != null">
					is_new = #{isNew},
				</if>
				<if test="isHot != null">
					is_hot = #{isHot},
				</if>
				<if test="isCommend != null">
					is_commend = #{isCommend},
				</if>
				<if test="createTime != null">
					create_time = #{createTime},
				</if>
				<if test="createUserId != null">
					create_user_id = #{createUserId},
				</if>
				<if test="checkTime != null">
					check_time = #{checkTime},
				</if>
				<if test="checkUserId != null">
					check_user_id = #{checkUserId},
				</if>
				<if test="isShow != null">
					is_show = #{isShow},
				</if>
				<if test="isDel != null">
					is_del = #{isDel},
				</if>
				<if test="typeId != null">
					type_id = #{typeId},
				</if>
				<if test="brandId != null">
					brand_id = #{brandId},
				</if>
				<if test="keywords != null">
					keywords = #{keywords},
				</if>
				<if test="sales != null">
					sales = #{sales},
				</if>
				<if test="description != null">
					description = #{description},
				</if>
				<if test="packageList != null">
					package_list = #{packageList},
				</if>
				<if test="feature != null">
					feature = #{feature},
				</if>
				<if test="color != null">
					color = #{color},
				</if>
				<if test="size != null">
					size = #{size}
				</if>
			</trim>
		</set>
		WHERE
		id=#{id}
	</update>
	<!-- 分页 -->
	<select id="getProductListWithPage" parameterType="ProductQuery" resultMap="product">
		<include refid="productSelector" />
		<include refid="productListWhere" />
		<include refid="productListOrder" />
		<include refid="productListLimit" />
	</select>
	<!-- 数据总数 -->
	<select id="getProductListCount" parameterType="ProductQuery" resultType="int">
		SELECT count(1) FROM bbs_product
		<include refid="productListWhere" />
	</select>
	<!-- 数据集合 -->
	<select id="getProductList" parameterType="ProductQuery" resultMap="product">
		<include refid="productSelector" />
		<include refid="productListWhere" />
		<include refid="productListOrder" />
	</select>
	<!-- 添加 -->
	<insert id="addProduct" parameterType="Product" useGeneratedKeys="true" keyProperty="id">
		INSERT INTO bbs_product
		<trim prefix="(" suffix=")" suffixOverrides=",">
				<if test="id != null">
					id,
				</if>
				<if test="no != null">
					no,
				</if>
				<if test="name != null">
					name,
				</if>
				<if test="weight != null">
					weight,
				</if>
				<if test="isNew != null">
					is_new,
				</if>
				<if test="isHot != null">
					is_hot,
				</if>
				<if test="isCommend != null">
					is_commend,
				</if>
				<if test="createTime != null">
					create_time,
				</if>
				<if test="createUserId != null">
					create_user_id,
				</if>
				<if test="checkTime != null">
					check_time,
				</if>
				<if test="checkUserId != null">
					check_user_id,
				</if>
				<if test="isShow != null">
					is_show,
				</if>
				<if test="isDel != null">
					is_del,
				</if>
				<if test="typeId != null">
					type_id,
				</if>
				<if test="brandId != null">
					brand_id,
				</if>
				<if test="keywords != null">
					keywords,
				</if>
				<if test="sales != null">
					sales,
				</if>
				<if test="description != null">
					description,
				</if>
				<if test="packageList != null">
					package_list,
				</if>
				<if test="feature != null">
					feature,
				</if>
				<if test="color != null">
					color,
				</if>
					<if test="size != null">
						size
					</if>
		</trim>
		VALUES
		<trim prefix="(" suffix=")" suffixOverrides=",">
					<if test="id != null">
						#{id},
					</if>
					<if test="no != null">
						#{no},
					</if>
					<if test="name != null">
						#{name},
					</if>
					<if test="weight != null">
						#{weight},
					</if>
					<if test="isNew != null">
						#{isNew},
					</if>
					<if test="isHot != null">
						#{isHot},
					</if>
					<if test="isCommend != null">
						#{isCommend},
					</if>
					<if test="createTime != null">
						#{createTime},
					</if>
					<if test="createUserId != null">
						#{createUserId},
					</if>
					<if test="checkTime != null">
						#{checkTime},
					</if>
					<if test="checkUserId != null">
						#{checkUserId},
					</if>
					<if test="isShow != null">
						#{isShow},
					</if>
					<if test="isDel != null">
						#{isDel},
					</if>
					<if test="typeId != null">
						#{typeId},
					</if>
					<if test="brandId != null">
						#{brandId},
					</if>
					<if test="keywords != null">
						#{keywords},
					</if>
					<if test="sales != null">
						#{sales},
					</if>
					<if test="description != null">
						#{description},
					</if>
					<if test="packageList != null">
						#{packageList},
					</if>
					<if test="feature != null">
						#{feature},
					</if>
					<if test="color != null">
						#{color},
					</if>
					<if test="size != null">
						#{size}
					</if>
		</trim>
	</insert>
</mapper>
