<?xml version="1.0" encoding="utf-8"?>
<!DOCTYPE hibernate-mapping PUBLIC "-//Hibernate/Hibernate Mapping DTD 3.0//EN"
"http://hibernate.sourceforge.net/hibernate-mapping-3.0.dtd">
<hibernate-mapping>
	<class name="cn.ck.selsys.domain.Department" table="department">
		<id name="did" type="java.lang.Long" length="5">
			<column name="did"></column>
			<generator class="increment"></generator>
		</id>
		<property name="dname" type="java.lang.String" length="20"></property>
		<property name="description" type="java.lang.String" length="100"></property>
		
		<set name="teachers" inverse="false" cascade="all">
			<key>
				<column name="did"></column>
			</key>
			<one-to-many class="cn.ck.selsys.domain.Teacher"/>
		</set>
		
		<set name="subs" inverse="false" cascade="all">
			<key>
				<column name="did"></column>
			</key>
			<one-to-many class="cn.ck.selsys.domain.Sub"/>
		</set>
		
		<!--<set name="users" inverse="true" cascade="all">
			<key>
				<column name="did"></column>
			</key>
			<one-to-many class="cn.ck.oa.domain.User"/>
		</set>
		-->
	</class>
</hibernate-mapping>
