<?xml version="1.0" encoding="utf-8"?>
<!DOCTYPE hibernate-mapping PUBLIC "-//Hibernate/Hibernate Mapping DTD 3.0//EN"
"http://hibernate.sourceforge.net/hibernate-mapping-3.0.dtd">
<hibernate-mapping>
	<class name="cn.ck.selsys.domain.Man" table="man">
		<id name="mid" type="java.lang.Long" length="8">
			<column name="mid"></column>
			<generator class="increment"></generator>
		</id>
		<property name="email" type="java.lang.String" length="20"></property>
		<property name="mname" type="java.lang.String" length="20"></property>
		<property name="password" type="java.lang.String" length="100"></property>
		<property name="phone" type="java.lang.String" length="20"></property>
	</class>
</hibernate-mapping>