<?xml version="1.0" encoding="utf-8"?>
<!DOCTYPE hibernate-mapping PUBLIC "-//Hibernate/Hibernate Mapping DTD 3.0//EN"
"http://hibernate.sourceforge.net/hibernate-mapping-3.0.dtd">
<hibernate-mapping>
	<class name="cn.ck.selsys.domain.Student" table="student">
		<id name="sid" type="java.lang.Long" length="8">
			<column name="sid"></column>
			<generator class="increment"></generator>
		</id>
		<property name="email" type="java.lang.String" length="20"></property>
		<property name="sname" type="java.lang.String" length="20"></property>
		<property name="password" type="java.lang.String" length="100"></property>
		<property name="phone" type="java.lang.String" length="20"></property>
		<property name="gender" type="java.lang.String" length="20"></property>
		<property name="level" type="java.lang.Long" length="8"></property>
		<property name="canselect" type="java.lang.Boolean"></property>
		<property name="isselect" type="java.lang.Boolean"></property>
		<property name="selecttime" type="java.lang.Long" length="20"></property>
		<property name="description" type="java.lang.String" length="100"></property>
		<property name="classroom" type="java.lang.String" length="20"></property>
		
		<many-to-one name="sub" class="cn.ck.selsys.domain.Sub" column="subid"></many-to-one>
		<!--
		
		cascade="save-update" 
		-->
		<list name="topics" inverse="false" cascade="save-update">
			<key>
				<column name="studentid"></column>
			</key>
			<index column="index_"></index>
			<one-to-many class="cn.ck.selsys.domain.Topic"/>
		</list>
		<!--<set name="topics" inverse="true" cascade="all">
			<key>
				<column name="studentid"></column>
			</key>
			<one-to-many class="cn.ck.selsys.domain.Topic"/>
		</set>
		
		--><!--<set name="topics" table="student_topic">
			<key>
				<column name="sid"></column>
			</key>
			<many-to-many class="cn.ck.selsys.domain.Topic" column="tid"></many-to-many>
		</set>
		--><!-- topic属性，Topic类型。
			表达的是本类与Topic的一对一。
			采用基于外键的一对一映射方式，本方无外键方。
			property-ref属性：
				写的是对方映射中外键列对应的属性名。	
		 -->
		<!--<one-to-one name="topic" class="cn.ck.selsys.domain.Topic" property-ref="student"/>
		
		--><!--<set name="menuitems" table="user_menuitem">
			<key>
				<column name="uid"></column>
			</key>
			<many-to-many class="cn.ck.oa.domain.Menuitem" column="mid"></many-to-many>
		</set>-->
	</class>
</hibernate-mapping>