<?xml version="1.0" encoding="utf-8"?>
<!DOCTYPE hibernate-mapping PUBLIC "-//Hibernate/Hibernate Mapping DTD 3.0//EN"
"http://hibernate.sourceforge.net/hibernate-mapping-3.0.dtd">
<hibernate-mapping>
	<class name="cn.ck.selsys.domain.Sub" table="sub">
		<id name="subid" type="java.lang.Long" length="8">
			<column name="subid"></column>
			<generator class="increment"></generator>
		</id>
		<property name="subname" type="java.lang.String" length="20"></property>
		<property name="subdesc" type="java.lang.String" length="100"></property>
		
		<many-to-one name="department" class="cn.ck.selsys.domain.Department" column="did"></many-to-one>
		
		<set name="students" inverse="false" cascade="all">
			<key>
				<column name="subid"></column>
			</key>
			<one-to-many class="cn.ck.selsys.domain.Student"/>
		</set>
	</class>
</hibernate-mapping>