<?xml version="1.0" encoding="utf-8"?>
<!DOCTYPE hibernate-mapping PUBLIC "-//Hibernate/Hibernate Mapping DTD 3.0//EN"
"http://hibernate.sourceforge.net/hibernate-mapping-3.0.dtd">
<hibernate-mapping>
	<class name="cn.ck.selsys.domain.Teacher" table="teacher">
		<id name="tid" type="java.lang.Long" length="8">
			<column name="tid"></column>
			<generator class="increment"></generator>
		</id>
		<property name="email" type="java.lang.String" length="20"></property>
		<property name="tname" type="java.lang.String" length="20"></property>
		<property name="password" type="java.lang.String" length="100"></property>
		<property name="phone" type="java.lang.String" length="20"></property>
		<property name="gender" type="java.lang.String" length="20"></property>
		<property name="description" type="java.lang.String" length="100"></property>
		<property name="isadmin" type="java.lang.Boolean"></property>
		
		<many-to-one name="department" class="cn.ck.selsys.domain.Department" column="did"></many-to-one>
		
		<set name="topics" inverse="false" cascade="all">
			<key>
				<column name="teacherid"></column>
			</key>
			<one-to-many class="cn.ck.selsys.domain.Topic"/>
		</set>
		
		<!--<list name="topics" cascade="all" lazy="false">
			<key column="student_id"></key>
			<index column="pos"></index>
			<one-to-many class="cn.ck.selsys.domain.Topic"/>
		</list>
		
		--><!--<set name="topics" table="student_topic">
			<key>
				<column name="sid"></column>
			</key>
			<many-to-many class="cn.ck.selsys.domain.Topic" column="tid"></many-to-many>
		</set>
		--><!-- topic属性，Topic类型。
			表达的是本类与Topic的一对一。
			采用基于外键的一对一映射方式，本方无外键方。
			property-ref属性：
				写的是对方映射中外键列对应的属性名。	
		 -->
		<!--<one-to-one name="topic" class="cn.ck.selsys.domain.Topic" property-ref="student"/>
		
		--><!--<set name="menuitems" table="user_menuitem">
			<key>
				<column name="uid"></column>
			</key>
			<many-to-many class="cn.ck.oa.domain.Menuitem" column="mid"></many-to-many>
		</set>
		
	--></class>
</hibernate-mapping>