<?xml version="1.0" encoding="utf-8"?>
<!DOCTYPE hibernate-mapping PUBLIC "-//Hibernate/Hibernate Mapping DTD 3.0//EN"
"http://hibernate.sourceforge.net/hibernate-mapping-3.0.dtd">
<hibernate-mapping>
	<class name="cn.ck.selsys.domain.Topic" table="topic">
		<id name="topicid" type="java.lang.Long" length="8">
			<column name="id"></column>
			<generator class="increment"></generator>
		</id>
		
		<property name="year" type="java.lang.String" length="20"/>
		<property name="selectmode" type="java.lang.String" length="20"/>
		<property name="source" type="java.lang.String" length="20"/>
		<property name="type" type="java.lang.String" length="20"/>
		<property name="level" type="java.lang.String" length="20"/>
		<property name="workload" type="java.lang.String" length="20"/>
		<property name="train" type="java.lang.String" length="20"/>
		<property name="requirements" type="java.lang.String" length="255"/>
		
		<property name="tname" type="java.lang.String" length="100"/>
		<property name="description" type="java.lang.String" length="255"/>
		<property name="ischeck" type="java.lang.Boolean"/>
		<property name="time" type="java.lang.Long"/>
		<property name="subname" type="java.lang.String" length="20"/>
		
		<many-to-one name="teacher" class="cn.ck.selsys.domain.Teacher" column="teacherid"/>
		<many-to-one name="student" class="cn.ck.selsys.domain.Student" column="studentid"/>
	</class>
</hibernate-mapping>
