<?xml version="1.0" encoding="utf-8"?>
<!DOCTYPE hibernate-mapping PUBLIC "-//Hibernate/Hibernate Mapping DTD 3.0//EN"
"http://hibernate.sourceforge.net/hibernate-mapping-3.0.dtd">
<hibernate-mapping>
	<class name="cn.ck.selsys.domain.Topic" table="topic">
		<id name="topicid" type="java.lang.Long" length="8">
			<column name="topicid"></column>
			<generator class="increment"></generator>
		</id>
		<property name="tname" type="java.lang.String" length="100"></property>
		<property name="desc" type="java.lang.String" length="100"></property>
		<property name="ischeck" type="java.lang.Boolean"></property>
		<property name="time" type="java.lang.String" length="100"></property>
		
		<many-to-one name="teacher" class="cn.ck.selsys.domain.Teacher" column="tid"></many-to-one>
		
		<many-to-one name="student" class="cn.ck.selsys.domain.Student" column="sid"></many-to-one>
		
		<!-- student属性，Student类型。
			表达的是本类与Student的一对一。
			采用基于外键的一对一映射方式，本方有外键方。 -->
		<!--<many-to-one name="student" class="cn.ck.selsys.domain.Student" column="sid" unique="true"></many-to-one>
		-->
		</class>
</hibernate-mapping>