<?xml version="1.0" encoding="UTF-8"?>
<!DOCTYPE struts PUBLIC
	"-//Apache Software Foundation//DTD Struts Configuration 2.1.7//EN"
	"http://struts.apache.org/dtds/struts-2.1.7.dtd">
<struts>
   <package name="post" namespace="/" extends="struts-default">
   	<action name="postAction_*" method="{1}" class="postAction">
   		<result name="listAction">WEB-INF/jsp/post/list.jsp</result>
   		<result name="addUI">WEB-INF/jsp/post/add.jsp</result>
   		<result name="updateUI">WEB-INF/jsp/post/update.jsp</result>
   		<result type="redirectAction" name="action2action">postAction_getAllPost.action</result>
   	</action>
   </package>
</struts>	