<?xml version="1.0" encoding="UTF-8"?>
<!DOCTYPE struts PUBLIC
	"-//Apache Software Foundation//DTD Struts Configuration 2.1.7//EN"
	"http://struts.apache.org/dtds/struts-2.1.7.dtd">
<struts>
   <package name="student" namespace="/" extends="struts-default">
   		<action name="studentAction_*" method="{1}" class="studentAction">
   			<result name="listAction">WEB-INF/jsp/department/list.jsp</result>
   			<result name="action2action" type="redirectAction">departmentAction_getAllDepartment.action</result>
   			<result name="addUI">WEB-INF/jsp/department/add.jsp</result>
   			<result name="updateUI">WEB-INF/jsp/department/update.jsp</result>
   			<result name="haha">WEB-INF/jsp/student/haha.jsp</result>
   		</action>
   </package>
   
   <!--<package name="json" namespace="/" extends="json-default">
   	<action name="departmentJSONAction_*" method="{1}" class="departmentAction">
   		<result type="json"></result>
   	</action>
   </package>
--></struts>	