<?xml version="1.0" encoding="UTF-8"?>
<!DOCTYPE struts PUBLIC
	"-//Apache Software Foundation//DTD Struts Configuration 2.1.7//EN"
	"http://struts.apache.org/dtds/struts-2.1.7.dtd">
<struts>
   <package name="user" namespace="/" extends="struts-default">
  	<action name="userAction_*" method="{1}" class="userAction">
  		<result name="listAction">WEB-INF/jsp/user/list.jsp</result>
  		<result name="addUI">WEB-INF/jsp/user/add.jsp</result>
  		<result name="updateUI">WEB-INF/jsp/user/update.jsp</result>
  		<result name="action2action" type="redirectAction">userAction_getAllUser.action</result>
  	</action>
  </package>
  <package name="userjson" namespace="/" extends="json-default">
  	<action name="userJSONAction_*" method="{1}" class="userAction">
  		<result type="json"></result>
  	</action>
  </package>
</struts>	