<?xml version="1.0" encoding="UTF-8"?>
<!DOCTYPE struts PUBLIC
	"-//Apache Software Foundation//DTD Struts Configuration 2.1.7//EN"
	"http://struts.apache.org/dtds/struts-2.1.7.dtd">
<struts>
   <!-- 配置文件改了以后不用重新启动 -->
   <constant name="struts.devMode" value="true"/>
   <constant name="struts.ui.theme" value="simple"/>
   <package name="default" namespace="/" extends="struts-default">
   		<interceptors>
    		<!-- 声明拦截器 -->
    		<interceptor name="checkPrivilege" class="cn.ck.selsys.utils.CheckPrivilegeInterceptor"></interceptor>
    		<!-- 重新定义默认的拦截器栈 -->
    		<interceptor-stack name="defaultStack">
    			<interceptor-ref name="checkPrivilege"></interceptor-ref>
    			<interceptor-ref name="defaultStack"></interceptor-ref>
    		</interceptor-stack>
    	</interceptors>
    	
    	<!-- 全局的Result配置 -->
		<global-results>
			<result name="ErrorPage">Error.jsp</result>
			<result name="msg">msg.jsp</result>
		</global-results>
    	
    	<action name="studentAction_*" method="{1}" class="studentAction">
    		<result name="logout" type="redirect">index.jsp</result>
    		<result name="loginUI">WEB-INF/jsp/student/loginUI.jsp</result>
   			<result name="tolist" type="redirectAction">studentAction_index.action</result>
   			<result name="action2action" type="redirectAction">departmentAction_getAllDepartment.action</result>
   			<result name="addUI">WEB-INF/jsp/department/add.jsp</result>
   			<result name="updateUI">WEB-INF/jsp/department/update.jsp</result>
   			<result name="haha">WEB-INF/jsp/student/haha.jsp</result>
   			<result name="index">/WEB-INF/jsp/student/index.jsp</result>
   			<result name="top">/WEB-INF/jsp/student/top.jsp</result>
   			<result name="left">/WEB-INF/jsp/student/left.jsp</result>
   			<result name="right">/WEB-INF/jsp/student/right.jsp</result>
   			<result name="bottom">/WEB-INF/jsp/student/bottom.jsp</result>
   			<result name="list">/WEB-INF/jsp/student/list.jsp</result>
			<result name="saveUI">/WEB-INF/jsp/student/saveUI.jsp</result>
			<result name="toList" type="redirectAction">studentAction_list.action</result>
			<result name="editpassUI">/WEB-INF/jsp/student/editpassUI.jsp</result>
   		</action>
   		
   		<action name="teacherAction_*" method="{1}" class="teacherAction">
    		<result name="logout" type="redirect">index.jsp</result>
    		<result name="loginUI">WEB-INF/jsp/teacher/loginUI.jsp</result>
   			<result name="tolist" type="redirectAction">teacherAction_index.action</result>
   			<result name="index">/WEB-INF/jsp/teacher/index.jsp</result>
   			<result name="top">/WEB-INF/jsp/teacher/top.jsp</result>
   			<result name="left">/WEB-INF/jsp/teacher/left.jsp</result>
   			<result name="right">/WEB-INF/jsp/teacher/right.jsp</result>
   			<result name="bottom">/WEB-INF/jsp/teacher/bottom.jsp</result>
   			<result name="list">/WEB-INF/jsp/teacher/list.jsp</result>
			<result name="saveUI">/WEB-INF/jsp/teacher/saveUI.jsp</result>
			<result name="toList" type="redirectAction">teacherAction_list.action</result>
			<result name="editpassUI">/WEB-INF/jsp/teacher/editpassUI.jsp</result>
			<result name="showmsg">/WEB-INF/jsp/teacher/showmsg.jsp</result>
   		</action>
   		
   		<action name="manAction_*" method="{1}" class="manAction">
    		<result name="logout" type="redirect">index.jsp</result>
    		<result name="loginUI">WEB-INF/jsp/man/loginUI.jsp</result>
    		<result name="editUI">WEB-INF/jsp/man/editUI.jsp</result>
   			<result name="tolist" type="redirectAction">manAction_index.action</result>
   			<result name="index">/WEB-INF/jsp/man/index.jsp</result>
   			<result name="top">/WEB-INF/jsp/man/top.jsp</result>
   			<result name="left">/WEB-INF/jsp/man/left.jsp</result>
   			<result name="right">/WEB-INF/jsp/man/right.jsp</result>
   			<result name="bottom">/WEB-INF/jsp/man/bottom.jsp</result>
   			<result name="editpassUI">/WEB-INF/jsp/man/editpassUI.jsp</result>
   		</action>
   		
   		<action name="departmentAction_*" method="{1}" class="departmentAction">
   			<result name="list">/WEB-INF/jsp/department/list.jsp</result>
			<result name="saveUI">/WEB-INF/jsp/department/saveUI.jsp</result>
			<result name="toList" type="redirectAction">departmentAction_list.action</result>
   		</action>
   		
   		<action name="topicAction_*" method="{1}" class="topicAction">
   			<result name="list">/WEB-INF/jsp/topic/list.jsp</result>
			<result name="saveUI">/WEB-INF/jsp/topic/saveUI.jsp</result>
			<result name="selectUI">/WEB-INF/jsp/topic/selectUI.jsp</result>
			<result name="toList" type="redirectAction">topicAction_list.action</result>
			<result name="toShow" type="redirectAction">topicAction_selectshow.action?sid=${session.stuid}</result>
			<result name="show">/WEB-INF/jsp/topic/list.jsp</result>
			<result name="decideUI">/WEB-INF/jsp/topic/decideUI.jsp</result>
			<result name="pointUI">/WEB-INF/jsp/topic/pointUI.jsp</result>
			<result name="studentList" type="redirectAction">studentAction_list.action</result>
			<result name="pointlist">/WEB-INF/jsp/topic/pointlist.jsp</result>
			<result name="pointselectUI">/WEB-INF/jsp/topic/pointselectUI.jsp</result>
			<result name="showmsg">/WEB-INF/jsp/topic/decideUI.jsp</result>
   		</action>
   		
   		<action name="subAction_*" method="{1}" class="subAction">
   			<result name="list">/WEB-INF/jsp/sub/list.jsp</result>
			<result name="saveUI">/WEB-INF/jsp/sub/saveUI.jsp</result>
			<result name="toList" type="redirectAction">subAction_list.action</result>
   		</action>
   		
    </package>
   
    
    <!--
    
     <include file="struts2/struts-student.xml"></include>
   
--></struts>	