<?xml version="1.0" encoding="UTF-8" ?>
<!--
/*
 * $Id: struts-plugin.xml 811700 2009-09-05 19:06:34Z musachy $
 *
 * Licensed to the Apache Software Foundation (ASF) under one
 * or more contributor license agreements.  See the NOTICE file
 * distributed with this work for additional information
 * regarding copyright ownership.  The ASF licenses this file
 * to you under the Apache License, Version 2.0 (the
 * "License"); you may not use this file except in compliance
 * with the License.  You may obtain a copy of the License at
 *
 *  http://www.apache.org/licenses/LICENSE-2.0
 *
 * Unless required by applicable law or agreed to in writing,
 * software distributed under the License is distributed on an
 * "AS IS" BASIS, WITHOUT WARRANTIES OR CONDITIONS OF ANY
 * KIND, either express or implied.  See the License for the
 * specific language governing permissions and limitations
 * under the License.
 */
-->
<!DOCTYPE struts PUBLIC
    "-//Apache Software Foundation//DTD Struts Configuration 2.0//EN"
    "http://struts.apache.org/dtds/struts-2.0.dtd">
    
<struts>
    <bean type="com.opensymphony.xwork2.ObjectFactory" name="spring" class="org.apache.struts2.spring.StrutsSpringObjectFactory" />
    
    <!--  Make the Spring object factory the automatic default -->
    <constant name="struts.objectFactory" value="spring" />

    <constant name="struts.class.reloading.watchList" value="" />
    <constant name="struts.class.reloading.acceptClasses" value="" />
    <constant name="struts.class.reloading.reloadConfig" value="false" />

    <package name="spring-default">
        <interceptors>
            <interceptor name="autowiring" class="com.opensymphony.xwork2.spring.interceptor.ActionAutowiringInterceptor"/>
            <interceptor name="sessionAutowiring" class="org.apache.struts2.spring.interceptor.SessionContextAutowiringInterceptor"/>
        </interceptors>
    </package>    
</struts>
