<?xml version="1.0" encoding="UTF-8"?>
<beans xmlns="http://www.springframework.org/schema/beans"
       xmlns:xsi="http://www.w3.org/2001/XMLSchema-instance"
       xmlns:aop="http://www.springframework.org/schema/aop"
       xmlns:tx="http://www.springframework.org/schema/tx"
       xmlns:context="http://www.springframework.org/schema/context"
       xsi:schemaLocation="http://www.springframework.org/schema/beans
                           http://www.springframework.org/schema/beans/spring-beans-2.5.xsd
                           http://www.springframework.org/schema/aop 
                           http://www.springframework.org/schema/aop/spring-aop-2.5.xsd
                           http://www.springframework.org/schema/context 
                           http://www.springframework.org/schema/context/spring-context-2.5.xsd
                           http://www.springframework.org/schema/tx 
                           http://www.springframework.org/schema/tx/spring-tx-2.5.xsd">
    <!-- 其中一种解决方案，父类用abstrct="true"不创建实例，子类用到父类的属性，写parent="父类"
     -->
     <!-- 
    <bean id="departmentDao" class="cn.ck.oa.dao.impl.DepartmentDaoImpl" parent="baseDaoImpl"></bean>
     -->
     
     <bean id="departmentDao" class="cn.ck.oa.dao.impl.DepartmentDaoImpl">
     	<property name="hibernateTemplate">
     		<ref bean="hibernateTemplate"/>
     	</property>
     </bean>
     
    <bean id="departmentService" class="cn.ck.oa.service.impl.DepartmentServiceImpl">
    	<property name="departmentDao">
    		<ref bean="departmentDao"/>
    	</property>
    </bean>
    
    <bean id="departmentAction" class="cn.ck.oa.struts2.action.DepartmentAction" scope="prototype">
    	<property name="departmentService">
    		<ref bean="departmentService"/>
    	</property>
    </bean>
    
</beans>