<?xml version="1.0" encoding="UTF-8"?>
<beans xmlns="http://www.springframework.org/schema/beans"
       xmlns:xsi="http://www.w3.org/2001/XMLSchema-instance"
       xmlns:aop="http://www.springframework.org/schema/aop"
       xmlns:tx="http://www.springframework.org/schema/tx"
       xmlns:context="http://www.springframework.org/schema/context"
       xsi:schemaLocation="http://www.springframework.org/schema/beans
                           http://www.springframework.org/schema/beans/spring-beans-2.5.xsd
                           http://www.springframework.org/schema/aop 
                           http://www.springframework.org/schema/aop/spring-aop-2.5.xsd
                           http://www.springframework.org/schema/context 
                           http://www.springframework.org/schema/context/spring-context-2.5.xsd
                           http://www.springframework.org/schema/tx 
                           http://www.springframework.org/schema/tx/spring-tx-2.5.xsd">
       <!-- 
       	导入类扫描的注解解析器和事务的注解解析器
        -->
        <context:component-scan base-package="cn.ck.selsys"></context:component-scan>
        <tx:annotation-driven transaction-manager="transactionManager"/>
        <bean id="transactionManager" class="org.springframework.orm.hibernate3.HibernateTransactionManager">
        	<property name="sessionFactory">
        		<ref bean="sessionFactory"/>
        	</property>
        </bean>
        
        <bean id="sessionFactory" class="org.springframework.orm.hibernate3.LocalSessionFactoryBean">
        	<property name="configLocation">
        		<value>classpath:hibernate/hibernate.cfg.xml</value>
        	</property>
        </bean>
        
        <bean id="hibernateTemplate" class="org.springframework.orm.hibernate3.HibernateTemplate">
        	<property name="sessionFactory">
        		<ref bean="sessionFactory"/>
        	</property>
        </bean>
        
        <tx:advice transaction-manager="transactionManager" id="tx">
       	<tx:attributes>
       		<tx:method name="save*" read-only="false"/>
       		<tx:method name="update*" read-only="false"/>
       		<tx:method name="delete*" read-only="false"/>
       		<tx:method name="get*" read-only="true"/>
       	</tx:attributes>
       </tx:advice>
        
        <aop:config>
       		<!-- 
       		事务的通知
       		 -->
       		<aop:pointcut expression="execution(* cn.ck.selsys.service.impl.*.*(..))" id="perform"/>
       		<aop:advisor advice-ref="tx" pointcut-ref="perform"/>
       		
       		 
       		 <!-- 
       		 异常的切面配置
       		  -->
       		  <!--<aop:aspect ref="oaException">
       		  	<aop:after-throwing method="getExceptionMessage" pointcut-ref="perform" throwing="ex"/>
       		  </aop:aspect>
       	--></aop:config>
       	
       	<bean id="oaException" class="cn.ck.selsys.exception.CKException"></bean>
        
        <!-- 
       <bean id="sessionFactory" class="org.springframework.orm.hibernate3.LocalSessionFactoryBean">
       	<property name="configLocation">
       		<value>classpath:hibernate/hibernate.cfg.xml</value>
       	</property>
       </bean>   
       
       <bean id="transactionManager" class="org.springframework.orm.hibernate3.HibernateTransactionManager">
       	<property name="sessionFactory">
       		<ref bean="sessionFactory"/>
       	</property>
       </bean>
       
       <tx:advice transaction-manager="transactionManager" id="tx">
       	<tx:attributes>
       		<tx:method name="save*" read-only="false"/>
       		<tx:method name="update*" read-only="false"/>
       		<tx:method name="delete*" read-only="false"/>
       		<tx:method name="get*" read-only="true"/>
       	</tx:attributes>
       </tx:advice>
       
       <aop:config>
       	<aop:pointcut expression="execution(* cn.ck.oa.service.impl.*.*(..))" id="perform"/>
       	<aop:advisor advice-ref="tx" pointcut-ref="perform"/>
       </aop:config>
       
       <bean id="hibernateTemplate" class="org.springframework.orm.hibernate3.HibernateTemplate">
       	<property name="sessionFactory">
       		<ref bean="sessionFactory"/>
       	</property>
       </bean>
       
       -->
       <!-- 
       <bean id="baseDaoImpl" class="cn.ck.oa.dao.base.impl.BaseDaoImpl" abstract="true">
       	<property name="hibernateTemplate">
       		<ref bean="hibernateTemplate"/>
       	</property>
       </bean>
        -->       
</beans>